{
    "generated": "2026-04-14 23:27:04",
    "kinds": {
        "Formatters": [
            "Formatter"
        ],
        "Linters": [
            "Linter"
        ],
        "Analyzers": [
            "Cold",
            "Hot"
        ]
    },
    "projects": {
        "magento": {
            "Cold": [
                {
                    "tool": "Mago 1.10.0",
                    "mean": 3.83526255,
                    "stddev": 0.033674013,
                    "min": 3.777312959,
                    "max": 3.881670542,
                    "memory_mb": 2359.4,
                    "relative": 1.0,
                    "timed_out": false
                },
                {
                    "tool": "Mago 1.7.0",
                    "mean": 3.887351283,
                    "stddev": 0.002076355,
                    "min": 3.8846953749999997,
                    "max": 3.8899503749999997,
                    "memory_mb": 2727.0,
                    "relative": 1.0,
                    "timed_out": false
                },
                {
                    "tool": "Mago 1.20.0",
                    "mean": 3.932857958,
                    "stddev": 0.106033636,
                    "min": 3.82973275,
                    "max": 4.134460584,
                    "memory_mb": 2064.0,
                    "relative": 1.0,
                    "timed_out": false
                }
            ]
        }
    }
}